<?xml version="1.0" encoding="UTF-8"?>
<beans xmlns="http://www.springframework.org/schema/beans"
       xmlns:xsi="http://www.w3.org/2001/XMLSchema-instance"
       xmlns:context="http://www.springframework.org/schema/context"
       xmlns:mvc="http://www.springframework.org/schema/mvc" xmlns:task="http://www.springframework.org/schema/task"
       xsi:schemaLocation="http://www.springframework.org/schema/beans
       http://www.springframework.org/schema/beans/spring-beans.xsd
       http://www.springframework.org/schema/context
       http://www.springframework.org/schema/context/spring-context.xsd
       http://www.springframework.org/schema/mvc
       http://www.springframework.org/schema/mvc/spring-mvc.xsd http://www.springframework.org/schema/task http://www.springframework.org/schema/task/spring-task.xsd"
>
    <task:executor id="executor" pool-size="5"></task:executor>
    <task:scheduler id="scheduler" pool-size="5"></task:scheduler>
    <task:annotation-driven scheduler="scheduler" executor="executor"></task:annotation-driven>
    <!--<task:scheduled-tasks>-->
        <!--<task:scheduled ref="taskOrderProcess" method="processCOOKEDOrder"/>-->
    <!--</task:scheduled-tasks>-->
    <bean id="multipartResolver" class="org.springframework.web.multipart.commons.CommonsMultipartResolver">
        <property name="defaultEncoding" value="utf-8"></property>
        <!--内存中最大有40MB-->
        <property name="maxInMemorySize" value="41943040"></property>
        <!--文件大小最大为1000MB-->
        <property name="maxUploadSizePerFile" value="1048576000"></property>
    </bean>

    <!--<bean class="org.springframework.data.rest.webmvc.config.RepositoryRestConfigurerAdapter"></bean>-->
    <bean class="org.springframework.data.rest.webmvc.config.RepositoryRestMvcConfiguration"></bean>

    <context:component-scan base-package="program"></context:component-scan>
    <context:component-scan base-package="test"></context:component-scan>
    <!--<context:property-placeholder file-encoding="UTF-8" location="classpath:*.properties"></context:property-placeholder>-->
    <mvc:default-servlet-handler></mvc:default-servlet-handler>
    <mvc:annotation-driven>
        <mvc:message-converters>
            <bean class="org.springframework.http.converter.StringHttpMessageConverter">
                <!--设置为utf-8的编码格式-->
                <constructor-arg value="utf-8"></constructor-arg>
            </bean>
        </mvc:message-converters>
    </mvc:annotation-driven >
</beans>


        <!--<bean id="localeResolver" class="org.springframework.web.servlet.i18n.CookieLocaleResolver">-->
        <!--<property name="cookieMaxAge" value="604800"/>-->
        <!--<property name="defaultLocale" value="zh_CN"/>-->
        <!--<property name="cookieName" value="Language"></property>-->
        <!--</bean>-->